Date,VWAP
2015-01-02,24.27066120403926
2015-01-05,23.69297324662165
2015-01-06,23.545767757453905
2015-01-07,23.866054857887466
2015-01-08,24.612397582141842
2015-01-09,24.81433381386101
2015-01-12,24.46002446806143
2015-01-13,24.552486461364
2015-01-14,24.320221479912142
2015-01-15,23.931883813469923
2015-01-16,23.579055614459065
2015-01-20,23.979962195426975
2015-01-21,24.326877908576254
2015-01-22,24.749236342303448
2015-01-23,25.02071116898809
2015-01-26,25.168645875370903
2015-01-27,24.457807027994942
2015-01-28,25.795896060868685
2015-01-29,26.159089784250245
2015-01-30,26.18571576803353
2015-02-02,26.176096804177376
2015-02-03,26.284836140169357
2015-02-04,26.508956686419268
2015-02-05,26.690813682746825
2015-02-06,26.55788889948687
2015-02-09,26.58461942154122
2015-02-10,27.055438158762694
2015-02-11,27.647284527534342
2015-02-12,28.182715637201294
2015-02-13,28.21983720505748
2015-02-17,28.488669857957365
2015-02-18,28.586691946333698
2015-02-19,28.650556413731362
2015-02-20,28.74263148122709
2015-02-23,29.382023713390115
2015-02-24,29.477079290817205
2015-02-25,28.853285576226124
2015-02-26,28.80576245696258
2015-02-27,28.758970826221972
2015-03-02,28.788673341945735
2015-03-03,28.736694709007836
2015-03-04,28.6958598169462
2015-03-05,28.28742473053313
2015-03-06,28.384700255802112
2015-03-09,28.35054235863684
2015-03-10,27.88715377592422
2015-03-11,27.411143803810646
2015-03-12,27.549267791731143
2015-03-13,27.59308558096972
2015-03-16,27.682198350694602
2015-03-17,28.21983566633487
2015-03-18,28.516145997182964
2015-03-19,28.527281234959627
2015-03-20,28.1790002837885
2015-03-23,28.336433752053182
2015-03-24,28.31489368334681
2015-03-25,27.74234426570654
2015-03-26,27.604219361064327
2015-03-27,27.54036296711156
2015-03-30,27.979238867102158
2015-03-31,27.8685906652066
2015-04-01,27.659911190294697
2015-04-02,27.852994398723137
2015-04-06,28.158946847718585
2015-04-07,28.227273162467934
2015-04-08,27.99409487507636
2015-04-09,28.05572777545223
2015-04-10,28.187164846274193
2015-04-13,28.36985170713
2015-04-14,28.181971294397027
2015-04-15,28.213157225012154
2015-04-16,28.173058935969184
2015-04-17,27.873785749835857
2015-04-20,28.285186486556615
2015-04-21,28.35128262599112
2015-04-22,28.50203018587423
2015-04-23,28.830265990635624
2015-04-24,28.972103673760675
2015-04-27,29.476329256750052
2015-04-28,29.308507928669364
2015-04-29,28.85253877691595
2015-04-30,28.098055514197657
2015-05-01,28.54436579723684
2015-05-04,28.77828596444432
2015-05-05,28.221323217236293
2015-05-06,27.856706468495034
2015-05-07,27.990959499418945
2015-05-08,28.43764104899519
2015-05-11,28.300426454803258
2015-05-12,28.15576324313228
2015-05-13,28.267621176651584
2015-05-14,28.714296788102942
2015-05-15,28.81945154412816
2015-05-18,29.028246323869293
2015-05-19,29.12668100254051
2015-05-20,29.11101763624973
2015-05-21,29.29520932571718
2015-05-22,29.59796847694145
2015-05-26,29.20573056854508
2015-05-27,29.407065056272163
2015-05-28,29.442859484763513
2015-05-29,29.20422573093308
2015-06-01,29.230332224888116
2015-06-02,29.07820645240842
2015-06-03,29.15427445302197
2015-06-04,28.996926504907407
2015-06-05,28.83659380921176
2015-06-08,28.623326550805402
2015-06-09,28.420494298830402
2015-06-10,28.789621945582645
2015-06-11,28.877610978562142
2015-06-12,28.531602048107118
2015-06-15,28.327276209945484
2015-06-16,28.472685696349362
2015-06-17,28.4801378318337
2015-06-18,28.591258874955958
2015-06-19,28.398122354299357
2015-06-22,28.542038336337225
2015-06-23,28.450320396855204
2015-06-24,28.71206063054541
2015-06-25,28.650164041768843
2015-06-26,28.430186597082972
2015-06-29,27.999908393104917
2015-06-30,28.069264808853685
2015-07-01,28.30192571582013
2015-07-02,28.254947986329313
2015-07-06,28.119232418223408
2015-07-07,28.009612248063846
2015-07-08,27.572617024094185
2015-07-09,27.095364600915218
2015-07-10,27.467473976468387
2015-07-13,28.0193002981546
2015-07-14,28.11475460747619
2015-07-15,28.30341374946018
2015-07-16,28.667320863280562
2015-07-17,28.89998902519064
2015-07-20,29.510717244266775
2015-07-21,29.380217385380604
2015-07-22,27.793345759906057
2015-07-23,28.136374236776685
2015-07-24,27.899989791764288
2015-07-27,27.479405900889706
2015-07-28,27.579329447088693
2015-07-29,27.498792144219163
2015-07-30,27.341455965724645
2015-07-31,27.207219530268357
2015-08-03,26.73593710718345
2015-08-04,25.770983436651466
2015-08-05,25.722517216135625
2015-08-06,25.899619737163942
2015-08-07,25.938573662404465
2015-08-10,26.685412866453287
2015-08-11,25.843434908907422
2015-08-12,25.49062178811433
2015-08-13,25.925090990850578
2015-08-14,25.939323873316777
2015-08-17,26.24120067888138
2015-08-18,26.21424163841978
2015-08-19,25.934079373662996
2015-08-20,25.366271564303982
2015-08-21,24.21867173763718
2015-08-24,22.766197801518413
2015-08-25,23.847120577957057
2015-08-26,24.317554364300022
2015-08-27,25.182742982212115
2015-08-28,25.32956595752082
2015-08-31,25.415716488008233
2015-09-01,24.49208761761057
2015-09-02,25.005210243131902
2015-09-03,24.958770640982895
2015-09-04,24.587225260010538
2015-09-08,25.108583377557505
2015-09-09,25.014947115854756
2015-09-10,25.1505388170948
2015-09-11,25.48238314797457
2015-09-14,25.99775009480905
2015-09-15,26.010483593457366
2015-09-16,26.097385370496834
2015-09-17,25.77826810416855
2015-09-18,25.440432949562368
2015-09-21,25.786510399528495
2015-09-22,25.47638396650298
2015-09-23,25.64418322742311
2015-09-24,25.68388795329969
2015-09-25,25.874895130093048
2015-09-28,25.427703401399622
2015-09-29,24.752022985792294
2015-09-30,24.762509589616986
2015-10-01,24.458380995235625
2015-10-02,24.64041214692691
2015-10-05,24.81120055432406
2015-10-06,24.931049811044563
2015-10-07,24.86663270014887
2015-10-08,24.562503580624412
2015-10-09,25.011209017478706
2015-10-12,25.15352842706116
2015-10-13,25.08836304071494
2015-10-14,24.81644142842347
2015-10-15,25.05315132596095
2015-10-16,24.98723605739404
2015-10-19,24.98873697376845
2015-10-20,25.37600786262303
2015-10-21,25.696615943484293
2015-10-22,25.850930872199417
2015-10-23,26.565558621625627
2015-10-26,26.092884590155304
2015-10-27,25.849437764992555
2015-10-28,26.564808118747976
2015-10-29,26.928860529973434
2015-10-30,26.979804824496476
2015-11-02,27.1281197903805
2015-11-03,27.473449444868834
2015-11-04,27.524389534898912
2015-11-05,27.367619047607665
2015-11-06,27.345051093235995
2015-11-09,27.265304766553324
2015-11-10,26.397918304956164
2015-11-11,26.23541824345242
2015-11-12,26.194040199658616
2015-11-13,25.591455580981243
2015-11-16,25.5342838905502
2015-11-17,25.73289156200038
2015-11-18,26.351263965939935
2015-11-19,26.728172951225996
2015-11-20,26.93730301492218
2015-11-23,26.69281490149392
2015-11-24,26.732689662712534
2015-11-25,26.719893761730784
2015-11-27,26.617587206065927
2015-11-30,26.740963528011985
2015-12-01,26.55664930504359
2015-12-02,26.36556480553028
2015-12-03,26.045087413692936
2015-12-04,26.585234926468896
2015-12-07,26.777823197117385
2015-12-08,26.607805153371416
2015-12-09,26.209092779074368
2015-12-10,26.226398312402768
2015-12-11,25.684740785728895
2015-12-14,25.19800916606243
2015-12-15,25.099467954392633
2015-12-16,24.98586542372772
2015-12-17,24.84142570243097
2015-12-18,24.175650443601025
2015-12-21,24.09364916375696
2015-12-22,24.17865858770269
2015-12-23,24.42390046216579
2015-12-24,24.447967764863332
2015-12-28,24.125243636130993
2015-12-29,24.451741242898084
2015-12-30,24.314071072082424
2015-12-31,23.855930937913456
2016-01-04,23.52566189058084
2016-01-05,23.394017681062156
2016-01-06,22.78992180583943
2016-01-07,22.042888424257324
2016-01-08,22.029353292006856
2016-01-11,22.187336544433524
2016-01-12,22.530385475385525
2016-01-13,22.258802664927373
2016-01-14,22.248269274528624
2016-01-15,21.831507711034902
2016-01-19,21.877396443146054
2016-01-20,21.69609014800369
2016-01-21,21.750253545295102
2016-01-22,22.662795078298213
2016-01-25,22.58229712664239
2016-01-26,22.489002331185826
2016-01-27,21.319193979662103
2016-01-28,21.139393073899477
2016-01-29,21.743488760741116
2016-02-01,21.70662819297613
2016-02-02,21.42526339240598
2016-02-03,21.611083471363315
2016-02-04,21.8682792029651
2016-02-05,21.528670571860236
2016-02-08,21.46210738651607
2016-02-09,21.546064650461858
2016-02-10,21.535474141125338
2016-02-11,21.254863977718824
2016-02-12,21.291923601015853
2016-02-16,21.791127234476637
2016-02-17,22.122424973707137
2016-02-18,22.02863094230318
2016-02-19,21.828946879933625
2016-02-22,21.912147110152844
2016-02-23,21.61263099987657
2016-02-24,21.617160008154112
2016-02-25,21.84180394872855
2016-02-26,22.04905348038505
2016-02-29,22.053584359989454
2016-03-01,22.59439816799307
2016-03-02,22.788026541614187
2016-03-03,22.96804808238805
2016-03-04,23.306144235585553
2016-03-07,23.1193229810748
2016-03-08,22.93249858724371
2016-03-09,22.91586297441449
2016-03-10,22.96048528625715
2016-03-11,23.148064634048694
2016-03-14,23.236554805923035
2016-03-15,23.72063933574704
2016-03-16,23.96721964598791
2016-03-17,23.994442539416553
2016-03-18,24.023187402078815
2016-03-21,24.105632480683365
2016-03-22,24.14495942426976
2016-03-23,24.13588114856967
2016-03-24,23.96267884571098
2016-03-28,23.934691094461943
2016-03-29,24.23043986647046
2016-03-30,24.852934804260133
2016-03-31,24.791665534596092
2016-04-01,24.823428695934837
2016-04-04,25.231115369265094
2016-04-05,24.95730936471628
2016-04-06,25.046562276589214
2016-04-07,24.739474083289323
2016-04-08,24.70316902632436
2016-04-11,24.843853840228878
2016-04-12,24.930076670857133
2016-04-13,25.35213181769436
2016-04-14,25.40054207160878
2016-04-15,25.10253779346594
2016-04-18,24.45885958863042
2016-04-19,24.290183458552136
2016-04-20,24.300775225256327
2016-04-21,24.084457832518293
2016-04-22,23.96041434377345
2016-04-25,23.84392738342285
2016-04-26,23.716857587027352
2016-04-27,22.10199982492675
2016-04-28,21.704911306790624
2016-04-29,21.251829838123143
2016-05-02,21.187548745191123
2016-05-03,21.526402419071673
2016-05-04,21.47420804125986
2016-05-05,21.306647142114766
2016-05-06,21.156742303059687
2016-05-09,21.24272436032199
2016-05-10,21.23892096344999
2016-05-11,21.19630424402575
2016-05-12,20.743524389838598
2016-05-13,20.71308218940045
2016-05-16,21.301326819478007
2016-05-17,21.39872951856876
2016-05-18,21.58593023225453
2016-05-19,21.490800358872196
2016-05-20,21.700836461044528
2016-05-23,22.014358520507812
2016-05-24,22.2837429343752
2016-05-25,22.636841947797162
2016-05-26,22.812627521673846
2016-05-27,22.83470133070604
2016-05-31,22.759360107556642
2016-06-01,22.550087991412727
2016-06-02,22.235043240846732
2016-06-03,22.345379307010358
2016-06-06,22.682503233818466
2016-06-07,22.666524949258946
2016-06-08,22.6147703463752
2016-06-09,22.684778463647646
2016-06-10,22.57520762430684
2016-06-13,22.33929642722475
2016-06-14,22.273092924093756
2016-06-15,22.264722660494343
2016-06-16,22.17264425387647
2016-06-17,21.861409099740104
2016-06-20,21.81727060400408
2016-06-21,21.835523358377127
2016-06-22,21.900210358093535
2016-06-23,21.88879585406782
2016-06-24,21.361438105691416
2016-06-27,21.04792164413563
2016-06-28,21.26099063931703
2016-06-29,21.50374720338979
2016-06-30,21.73889016926505
2016-07-01,21.892606954279145
2016-07-05,21.676486070735802
2016-07-06,21.730514953923574
2016-07-07,21.9207634877073
2016-07-08,22.039473043732425
2016-07-11,22.171889803664197
2016-07-12,22.238853816002443
2016-07-13,22.17340931430531
2016-07-14,22.45648456219239
2016-07-15,22.569119554040213
2016-07-18,22.719784317258032
2016-07-19,22.76925039282143
2016-07-20,22.841543523446596
2016-07-21,22.79588762684401
2016-07-22,22.545526362102237
2016-07-25,22.304290886875055
2016-07-26,22.149052035356878
2016-07-27,23.59415405774364
2016-07-28,23.71286409138035
2016-07-29,23.776025270224014
2016-08-01,24.093355663127824
2016-08-02,23.936591383741455
2016-08-03,24.07737417043943
2016-08-04,24.265189345830464
2016-08-05,24.58346507278358
2016-08-08,24.78163506559035
2016-08-09,24.92393197713332
2016-08-10,24.839776899287248
2016-08-11,24.84360925596694
2016-08-12,24.819881739592187
2016-08-15,25.026466286195625
2016-08-16,25.15805890915649
2016-08-17,25.013462292715047
2016-08-18,25.07237013931244
2016-08-19,25.05018449949712
2016-08-22,24.900983376653738
2016-08-23,24.995861173877426
2016-08-24,24.824474421941
2016-08-25,24.646210070805278
2016-08-26,24.575059237831198
2016-08-29,24.52532837084326
2016-08-30,24.330223083496094
2016-08-31,24.35394138175225
2016-09-01,24.41821304146153
2016-09-02,24.67834315945505
2016-09-06,24.751798491833714
2016-09-07,24.803821841094674
2016-09-08,24.332520818690288
2016-09-09,23.869628353709544
2016-09-12,24.00046293571722
2016-09-13,24.787757743368644
2016-09-14,25.508481331926266
2016-09-15,26.379931343936846
2016-09-16,26.402878715069672
2016-09-19,26.243740379059535
2016-09-20,26.02874644375649
2016-09-21,26.011912973208837
2016-09-22,26.2858178633743
2016-09-23,25.940762542864135
2016-09-26,25.84665560250386
2016-09-27,25.907093722562607
2016-09-28,26.167988776092614
2016-09-29,25.843591239669678
2016-09-30,25.87726129972941
2016-10-03,25.848949839377187
2016-10-04,26.00885072855286
2016-10-05,25.967543292017826
2016-10-06,26.117495834951296
2016-10-07,26.176411659982072
2016-10-10,26.58880499637834
2016-10-11,26.86959897527996
2016-10-12,26.936924163457864
2016-10-13,26.789253631085913
2016-10-14,27.002720967343123
2016-10-17,26.944576552648
2016-10-18,27.01802320710514
2016-10-19,26.67755739146345
2016-10-20,26.83745706385786
2016-10-21,26.76247804055181
2016-10-24,26.96140540918466
2016-10-25,27.078460421646014
2016-10-26,26.36539099899724
2016-10-27,26.35315331078428
2016-10-28,26.195545262936957
2016-10-31,26.087655271118006
2016-11-01,25.691332996936975
2016-11-02,25.643903172237223
2016-11-03,25.44257352415022
2016-11-04,25.1626480924564
2016-11-07,25.407189111279944
2016-11-08,25.568692431282013
2016-11-09,25.39720383165157
2016-11-10,24.971166088388575
2016-11-11,24.905022472754794
2016-11-14,24.42437575629303
2016-11-15,24.682004504430225
2016-11-16,25.133423733116278
2016-11-17,25.31106637643008
2016-11-18,25.39796624120412
2016-11-21,25.66483218455238
2016-11-22,25.810171102942707
2016-11-23,25.61406693701819
2016-11-25,25.732498641151892
2016-11-28,25.79555882140129
2016-11-29,25.65175092190253
2016-11-30,25.60791321556863
2016-12-01,25.336453120932998
2016-12-02,25.288767000993488
2016-12-05,25.177261466308607
2016-12-06,25.339520677637367
2016-12-07,25.48410670045851
2016-12-08,25.77402568852904
2016-12-09,26.22082873094621
2016-12-12,26.207761471267265
2016-12-13,26.520752010330696
2016-12-14,26.636875631855844
2016-12-15,26.745308817900945
2016-12-16,26.771450067868916
2016-12-19,26.898353657446744
2016-12-20,27.00293858177835
2016-12-21,27.011397108583694
2016-12-22,26.79606759847152
2016-12-23,26.81067094728226
2016-12-27,27.03522763951587
2016-12-28,26.99139418034476
2016-12-29,26.93448215401814
2016-12-30,26.796833067585098
2017-01-03,26.703778639349085
2017-01-04,26.783759310664163
2017-01-05,26.86066867839306
2017-01-06,27.111368063700766
2017-01-09,27.40514089344565
2017-01-10,27.43820865706576
2017-01-11,27.55279013423866
2017-01-12,27.43589969772818
2017-01-13,27.490498908960983
2017-01-17,27.56662989410385
2017-01-18,27.700444361889577
2017-01-19,27.626613869455415
2017-01-20,27.6989030548181
2017-01-23,27.735816423863493
2017-01-24,27.65198952142438
2017-01-25,28.01266762971956
2017-01-26,28.144941190520054
2017-01-27,28.138788390537545
2017-01-30,27.986521802577258
2017-01-31,27.94346216248253
2017-02-01,29.703762641166257
2017-02-02,29.66147451013295
2017-02-03,29.717606490351958
2017-02-06,29.968304703403717
2017-02-07,30.305146777408954
2017-02-08,30.413576685277054
2017-02-09,30.584831835587085
2017-02-10,30.671327948447956
2017-02-13,30.883733557377724
2017-02-14,31.154051886112395
2017-02-15,31.388864872254242
2017-02-16,31.364919422968672
2017-02-17,31.408167328974574
2017-02-21,31.622890514964737
2017-02-22,31.693173626503548
2017-02-23,31.690856560652026
2017-02-24,31.558782462000888
2017-02-27,31.717114388311163
2017-02-28,31.75420110540319
2017-03-01,32.24926444581665
2017-03-02,32.284802586497854
2017-03-03,32.30024481861389
2017-03-06,32.26242358736473
2017-03-07,32.307197194584695
2017-03-08,32.2554564773284
2017-03-09,32.01601679728332
2017-03-10,32.21839465235404
2017-03-13,32.2423250796553
2017-03-14,32.244634912070346
2017-03-15,32.45781350943807
2017-03-16,32.59143513136407
2017-03-17,32.50723486532791
2017-03-20,32.685671395385
2017-03-21,32.622322901776286
2017-03-22,32.65399721775207
2017-03-23,32.6794914008009
2017-03-24,32.650132642212405
2017-03-27,32.49488218093283
2017-03-28,33.09269830619049
2017-03-29,33.350673701491864
2017-03-30,33.36071351803358
2017-03-31,33.28424051275212
2017-04-03,33.27883249298813
2017-04-04,33.43021828464049
2017-04-05,33.46574701652181
2017-04-06,33.337533795074584
2017-04-07,33.27266051557396
2017-04-10,33.20777416644603
2017-04-11,32.82855199621906
2017-04-12,32.822364577817545
2017-04-13,32.78529210029081
2017-04-17,32.793014950722494
2017-04-18,32.7752543980634
2017-04-19,32.68102462957018
2017-04-20,32.942853161806575
2017-04-21,32.96448261935106
2017-04-24,33.27112104797737
2017-04-25,33.46652290869573
2017-04-26,33.339846376832845
2017-04-27,33.30895660771594
2017-04-28,33.30587043642161
2017-05-01,33.88669183797807
2017-05-02,34.17245803675262
2017-05-03,33.8928727894702
2017-05-04,33.94385456485747
2017-05-05,34.34701901318241
2017-05-08,35.199708279804184
2017-05-09,35.7079097007779
2017-05-10,35.475441623717394
2017-05-11,35.70097607902745
2017-05-12,36.2330081229851
2017-05-15,36.249272333116515
2017-05-16,36.16011056831358
2017-05-17,35.251144488946714
2017-05-18,35.44348761812378
2017-05-19,35.64978071418985
2017-05-22,35.79014925571315
2017-05-23,35.83126595572005
2017-05-24,35.68934240147221
2017-05-25,35.77232083888337
2017-05-26,35.76534707453923
2017-05-30,35.786280914578754
2017-05-31,35.62186747761475
2017-06-01,35.57688352702451
2017-06-02,35.969317048805266
2017-06-05,35.8180729034568
2017-06-06,35.98871301269992
2017-06-07,36.127523233837756
2017-06-08,36.05771748091686
2017-06-09,34.9145615851798
2017-06-12,33.66049306967323
2017-06-13,34.06145935028545
2017-06-14,33.852832841000186
2017-06-15,33.42472248510247
2017-06-16,33.26883660319243
2017-06-19,33.87145804758752
2017-06-20,33.87764734829511
2017-06-21,33.85670814899362
2017-06-22,33.92651287107343
2017-06-23,34.011826533702795
2017-06-26,34.0839448222335
2017-06-27,33.6209457369444
2017-06-28,33.74425440005847
2017-06-29,33.433257688068515
2017-06-30,33.56277990454462
2017-07-03,33.49608253833457
2017-07-05,33.47280701311777
2017-07-06,33.24325191255739
2017-07-07,33.49064420091823
2017-07-10,33.68840958431672
2017-07-11,33.795447743541175
2017-07-12,33.87144499952631
2017-07-13,34.25610997971378
2017-07-14,34.566337071064765
2017-07-17,34.82458816517121
2017-07-18,34.812970492249555
2017-07-19,35.0851868003299
2017-07-20,35.075876571529825
2017-07-21,34.86802908419044
2017-07-24,35.243391924672714
2017-07-25,35.549734739003505
2017-07-26,35.710283936627825
2017-07-27,35.04329863847349
2017-07-28,34.81607370726518
2017-07-31,34.68189977466602
2017-08-01,34.79745087837634
2017-08-02,36.687477177918076
2017-08-03,36.28032039809913
2017-08-04,36.41060044578429
2017-08-07,36.79217475235992
2017-08-08,37.24044117858096
2017-08-09,37.33815354424985
2017-08-10,36.59018535562449
2017-08-11,36.75914430415102
2017-08-14,37.28002602986464
2017-08-15,37.67944593757182
2017-08-16,37.653739306695606
2017-08-17,37.09315353797904
2017-08-18,36.88370813450397
2017-08-21,36.610427355582864
2017-08-22,37.20138177813494
2017-08-23,37.32051435262711
2017-08-24,37.26055850180538
2017-08-25,37.348530437300404
2017-08-28,37.63740626428967
2017-08-29,37.84215742588795
2017-08-30,38.139597540838416
2017-08-31,38.306983947753906
2017-09-01,38.35526253508629
2017-09-05,37.909132683528064
2017-09-06,37.79466555726216
2017-09-07,37.67321085272433
2017-09-08,37.241081080444786
2017-09-11,37.64051040557095
2017-09-12,37.6521864482456
2017-09-13,37.179582590033476
2017-09-14,37.04332955441589
2017-09-15,37.28312516933597
2017-09-18,37.15232929572321
2017-09-19,37.1344152654982
2017-09-20,36.450817501265156
2017-09-21,35.966532179379165
2017-09-22,35.40437364903416
2017-09-25,35.156783435087135
2017-09-26,35.718139773607156
2017-09-27,36.00934589409329
2017-09-28,35.835717605449005
2017-09-29,35.83493892028917
2017-10-02,35.891789824619615
2017-10-03,36.0864242278217
2017-10-04,35.79990626535119
2017-10-05,36.195425593106634
2017-10-06,36.232018228469904
2017-10-09,36.44303446285457
2017-10-10,36.516220008583026
2017-10-11,36.53801314470508
2017-10-12,36.52399566070002
2017-10-13,36.64701763915536
2017-10-16,37.18034977481577
2017-10-17,37.41706074147993
2017-10-18,37.378123287217704
2017-10-19,36.44459443840514
2017-10-20,36.590949204054844
2017-10-23,36.544246743364226
2017-10-24,36.65013726096503
2017-10-25,36.53412628173828
2017-10-26,36.751341503697
2017-10-27,37.78921204714461
2017-10-30,38.81385750368667
2017-10-31,39.3682197884863
2017-11-01,39.11985249371276
2017-11-02,39.07702794970714
2017-11-03,40.32199769485135
2017-11-06,40.5618110910984
2017-11-07,40.77203051631799
2017-11-08,41.01728418633538
2017-11-09,40.88569473399126
2017-11-10,40.970166208840446
2017-11-13,40.778730283818156
2017-11-14,40.320056590530044
2017-11-15,39.677747525965565
2017-11-16,40.10672835307762
2017-11-17,39.94341439935735
2017-11-20,39.85902209640184
2017-11-21,40.44663252393095
2017-11-22,40.86780935302324
2017-11-24,41.0326859693731
2017-11-27,40.82874005604458
2017-11-28,40.61698943332143
2017-11-29,39.81683391713147
2017-11-30,40.041092755472974
2017-12-01,39.946548571931366
2017-12-04,40.011398464573624
2017-12-05,39.8168244945514
2017-12-06,39.51285664070945
2017-12-07,39.74729290094742
2017-12-08,39.78791003188345
2017-12-11,40.19111667897613
2017-12-12,40.2848853134299
2017-12-13,40.4614850018329
2017-12-14,40.398172096552166
2017-12-15,40.67949380742271
2017-12-18,41.2952408976452
2017-12-19,40.94671523680482
2017-12-20,40.86859587591933
2017-12-21,41.033461841494265
2017-12-22,41.017832962571454
2017-12-26,39.98560872366938
2017-12-27,39.93638358994263
2017-12-28,40.117661338489604
2017-12-29,39.77619285508786
2018-01-02,40.14971544553908
2018-01-03,40.53415006660535
2018-01-04,40.521638334108445
2018-01-05,40.899850838861454
2018-01-08,40.93657698289021
2018-01-09,40.85140998933094
2018-01-10,40.75684749499282
2018-01-11,41.043627354969864
2018-01-12,41.42182139550854
2018-01-16,41.54840068955917
2018-01-17,41.68124623255306
2018-01-18,42.00864447882606
2018-01-19,41.839873146750286
2018-01-22,41.52183516328126
2018-01-23,41.67186062297999
2018-01-24,41.00141769836282
2018-01-25,40.3661506241235
2018-01-26,40.13016774736209
2018-01-29,39.47535618110913
2018-01-30,38.9948044272327
2018-01-31,39.255005099717835
2018-02-01,39.31672953675219
2018-02-02,38.0852539339642
2018-02-05,37.22337467673805
2018-02-06,37.56562762241427
2018-02-07,37.664079650049956
2018-02-08,36.81783143692121
2018-02-09,36.44697981625364
2018-02-12,37.98240604799231
2018-02-13,38.50258052905995
2018-02-14,39.05571067099819
2018-02-15,40.41226081652926
2018-02-16,40.72139000657038
2018-02-20,40.60447673310949
2018-02-21,40.500129169337846
2018-02-22,40.65390978545437
2018-02-23,41.16623625009427
2018-02-26,41.94141186448646
2018-02-27,42.13441958696035
2018-02-28,42.11559232137392
2018-03-01,41.38199760714546
2018-03-02,41.187422003949465
2018-03-05,41.510665747078036
2018-03-06,41.665219161143
2018-03-07,41.202321259715575
2018-03-08,41.51458791452291
2018-03-09,42.161087329875706
2018-03-12,42.706380840930045
2018-03-13,42.580061522983385
2018-03-14,42.11401211606238
2018-03-15,42.12891209718244
2018-03-16,41.956309382712185
2018-03-19,41.30275982224867
2018-03-20,41.34591197595419
2018-03-21,40.6115349934253
2018-03-22,40.02387931451275
2018-03-23,39.213414429979565
2018-03-26,40.19493439470614
2018-03-27,40.04586035154684
2018-03-28,39.36170139786163
2018-03-29,39.73358545180367
2018-04-02,39.2361707465181
2018-04-03,39.387584634831704
2018-04-04,39.88737187867084
2018-04-05,40.72844178072742
2018-04-06,39.93994781517301
2018-04-09,40.24826882607948
2018-04-10,40.70254763627216
2018-04-11,40.6460710201443
2018-04-12,40.96930207792557
2018-04-13,41.1450527803433
2018-04-16,41.33493052780369
2018-04-17,41.864520238895004
2018-04-18,41.860590929624735
2018-04-19,40.864959498250016
2018-04-20,39.41503397917992
2018-04-23,38.93488829221337
2018-04-24,38.482969040806466
2018-04-25,38.56063454419237
2018-04-26,38.705006457724245
2018-04-27,38.23111873119464
2018-04-30,38.78660734635722
2018-05-01,39.50920318135332
2018-05-02,41.43533968068687
2018-05-03,41.49106272285471
2018-05-04,42.85780320427373
2018-05-07,43.746731748357455
2018-05-08,43.618053530549425
2018-05-09,43.935022153505734
2018-05-10,44.56896710751579
2018-05-11,44.58646177388915
2018-05-14,44.54234348823803
2018-05-15,43.99653645195277
2018-05-16,44.31394118155956
2018-05-17,44.28401966102809
2018-05-18,44.125720008506136
2018-05-21,44.40610462113839
2018-05-22,44.32812288015101
2018-05-23,44.312374422838076
2018-05-24,44.35804366527077
2018-05-25,44.56912309218933
2018-05-29,44.383265503150575
2018-05-30,44.285590021044015
2018-05-31,44.20368383697325
2018-06-01,44.75579230802733
2018-06-04,45.41345904594279
2018-06-05,45.65052502548864
2018-06-06,45.67965975334145
2018-06-07,45.68122427340464
2018-06-08,45.16692795256909
2018-06-11,45.16222104472492
2018-06-12,45.36934512854782
2018-06-13,45.21023885490334
2018-06-14,45.097613964153986
2018-06-15,44.67783219775756
2018-06-18,44.51242172171691
2018-06-19,43.749237892495216
2018-06-20,44.06112511725713
2018-06-21,44.00757018536467
2018-06-22,43.77286534578712
2018-06-25,43.146717354162604
2018-06-26,43.5940625598098
2018-06-27,43.74924208637035
2018-06-28,43.75238803384185
2018-06-29,43.72875786503875
2018-07-02,43.940633668129756
2018-07-03,43.744515188384355
2018-07-05,43.79806202018654
2018-07-06,44.232036420197765
2018-07-09,44.93774708641681
2018-07-10,45.03618634178733
2018-07-11,44.52109850006306
2018-07-12,45.03145810798204
2018-07-13,45.21418172971703
2018-07-16,45.207111423195414
2018-07-17,45.09211185894466
2018-07-18,45.06137676777892
2018-07-19,45.218120548187414
2018-07-20,45.21182497147594
2018-07-23,45.14015860322889
2018-07-24,45.579641749527745
2018-07-25,45.846632233565494
2018-07-26,45.978960171094826
2018-07-27,45.38745774903564
2018-07-30,44.986574542894736
2018-07-31,45.03303215352165
2018-08-01,47.30133242869417
2018-08-02,48.52608090721128
2018-08-03,49.00573225461264
2018-08-06,49.2561947818271
2018-08-07,49.09708419892875
2018-08-08,48.79858699260421
2018-08-09,49.293214085675224
2018-08-10,49.26375457866678
2018-08-13,49.597291688016334
2018-08-14,49.680285890740414
2018-08-15,49.738762038454645
2018-08-16,50.47301763506907
2018-08-17,51.27049146593413
2018-08-20,51.35427798915851
2018-08-21,51.07843032734096
2018-08-22,50.99860274112795
2018-08-23,51.14799400121773
2018-08-24,51.22939995808426
2018-08-27,51.61194077782891
2018-08-28,52.098015188713966
2018-08-29,52.62913522187291
2018-08-30,53.404480929769925
2018-08-31,53.94273856814202
2018-09-04,54.074724473705125
2018-09-05,53.874763227653
2018-09-06,53.0930925694476
2018-09-07,52.747696956942605
2018-09-10,51.8996381194493
2018-09-11,52.53666435107085
2018-09-12,52.63151209289874
2018-09-13,53.5341220514829
2018-09-14,53.20769195689697
2018-09-17,52.0142321275494
2018-09-18,51.94389068117397
2018-09-19,51.63406166673562
2018-09-20,52.27979668803556
2018-09-21,51.87275397092278
2018-09-24,52.0600848617675
2018-09-25,52.53667265378626
2018-09-26,52.47501323862037
2018-09-27,53.34441590560311
2018-09-28,53.397395646163794
2018-10-01,53.98461588964484
2018-10-02,54.212254893277674
2018-10-03,54.95597736183751
2018-10-04,54.303939548113114
2018-10-05,53.21402058106471
2018-10-08,52.85756067548508
2018-10-09,53.45981911169965
2018-10-10,52.06640152776066
2018-10-11,51.079231128322995
2018-10-12,52.30904079979991
2018-10-15,51.88461542663641
2018-10-16,52.31458082724277
2018-10-17,52.41494439612229
2018-10-18,51.276036404034606
2018-10-19,52.00633304805172
2018-10-22,52.397569227782704
2018-10-23,52.21814316526467
2018-10-24,51.67911809721255
2018-10-25,52.00079325161038
2018-10-26,51.307635663222726
2018-10-29,50.42716802532812
2018-10-30,50.40582967166515
2018-10-31,51.842729239805635
2018-11-01,52.2742630871334
2018-11-02,49.521402191964334
2018-11-05,47.75018417185715
2018-11-06,48.22678127854798
2018-11-07,49.330136477890186
2018-11-08,49.59902046330515
2018-11-09,48.59729656397415
2018-11-12,46.62082394201565
2018-11-13,46.06961041972661
2018-11-14,44.986983496390685
2018-11-15,45.23046829323181
2018-11-16,45.83959935267569
2018-11-19,44.53806961321385
2018-11-20,42.349830603360445
2018-11-21,42.32127773974408
2018-11-23,41.321147680592105
2018-11-26,41.229140658466356
2018-11-27,41.233903554368425
2018-11-28,42.60363579001082
2018-11-29,42.832854391619456
2018-11-30,42.50687488099452
2018-12-03,43.69894424019418
2018-12-04,42.46008827911959
2018-12-06,41.23628809322752
2018-12-07,40.551020621869114
2018-12-10,39.89589181003749
2018-12-11,40.24487855134065
2018-12-12,40.45267918584552
2018-12-13,40.69299866783535
2018-12-14,39.643672169815225
2018-12-17,39.26139944526188
2018-12-18,39.49696181202494
2018-12-19,38.65941147772194
2018-12-20,37.613291287380825
2018-12-21,36.36648437787124
2018-12-24,35.291802336224485
2018-12-26,36.57269577454539
2018-12-27,36.721010818934964
2018-12-28,37.2214662853684
2018-12-31,37.560942030078174
2019-01-02,37.35630021706478
2019-01-03,34.09733602077472
2019-01-04,34.945996715938826
2019-01-07,35.10858145480143
2019-01-08,35.77719215323352
2019-01-09,36.28321234243618
2019-01-10,36.375201599648456
2019-01-11,36.28557837681135
2019-01-14,35.729602362439174
2019-01-15,36.207062047988934
2019-01-16,36.786837159085195
2019-01-17,37.021609670178236
2019-01-18,37.330924253378264
2019-01-22,36.694045756513106
2019-01-23,36.54413849107763
2019-01-24,36.39821270512618
2019-01-25,37.2936477809755
2019-01-28,36.98273295690282
2019-01-29,37.0327054370762
2019-01-30,38.992532204136005
2019-01-31,39.65637196534007
2019-02-01,39.76979611076484
2019-02-04,40.46457215735095
2019-02-05,41.370309866753885
2019-02-06,41.45360019365294
2019-02-07,40.86351831301189
2019-02-08,40.58236600825355
2019-02-11,40.61422079765111
2019-02-12,40.74961850800745
2019-02-13,40.828485345115915
2019-02-14,40.7376958582801
2019-02-15,40.77193121512742
2019-02-19,40.77113181910722
2019-02-20,41.12798481660843
2019-02-21,40.920083446400355
2019-02-22,41.20844425906498
2019-02-25,41.74210562231254
2019-02-26,41.64254626241179
2019-02-27,41.62661073225588
2019-02-28,41.49756814666805
2019-03-01,41.659262855980494
2019-03-04,42.022481465149916
2019-03-05,41.90299620204839
2019-03-06,41.7341476279344
2019-03-07,41.33667647878949
2019-03-08,41.05947980773959
2019-03-11,42.48446699487402
2019-03-12,43.247548767761224
2019-03-13,43.484913524477285
2019-03-14,43.840159725116024
2019-03-15,44.38179831556471
2019-03-18,44.78086045420844
2019-03-19,44.720325885451636
2019-03-20,44.79519562738684
2019-03-21,46.296664360701925
2019-03-22,46.1604495032556
2019-03-25,45.18869169479123
2019-03-26,44.94415238447554
2019-03-27,44.986363085747435
2019-03-28,45.068415396814835
2019-03-29,45.28824976618032
2019-04-01,45.50571374677159
2019-04-02,46.1612559279659
2019-04-03,46.59696218101243
2019-04-04,46.61288142677443
2019-04-05,46.997600024370456
2019-04-08,47.52649785140657
2019-04-09,47.91759519471978
2019-04-10,47.75510532462548
2019-04-11,47.663502490399225
2019-04-12,47.410993189280525
2019-04-15,47.55995510814687
2019-04-16,47.726413720131184
2019-04-17,48.19957363147378
2019-04-18,48.63049459692137
2019-04-22,48.73244734662399
2019-04-23,49.31550024318792
2019-04-24,49.599072520235204
2019-04-25,49.23823801321027
2019-04-26,48.70138390136004
2019-04-29,48.941925564884656
2019-04-30,48.045040833644094
2019-05-01,50.584375545766505
2019-05-02,50.175762004856686
2019-05-03,50.485605901550855
2019-05-06,49.450122963962706
2019-05-07,48.676695739526544
2019-05-08,48.58747888899406
2019-05-09,47.716874005769945
2019-05-10,47.08024041840836
2019-05-13,44.62147989179021
2019-05-14,45.07885427193671
2019-05-15,45.47225618532642
2019-05-16,45.68813304884867
2019-05-17,45.309932848781706
2019-05-20,43.79550472719265
2019-05-21,44.721432529095495
2019-05-22,44.06097339557857
2019-05-23,43.01910223001178
2019-05-24,43.15662266934885
2019-05-28,42.916749989119545
2019-05-29,42.596908112130706
2019-05-30,42.7144321012259
2019-05-31,42.222694395274566
2019-06-03,41.69814610303665
2019-06-04,42.697657389476596
2019-06-05,43.871457564114046
2019-06-06,44.204891168930146
2019-06-07,45.40427878373944
2019-06-10,46.34220977797847
2019-06-11,46.729225202108466
2019-06-12,46.66045621895293
2019-06-13,46.73960726642457
2019-06-14,46.10714283570079
2019-06-17,46.45815854882761
2019-06-18,47.49203798640684
2019-06-19,47.58079003546438
2019-06-20,47.8238626190485
2019-06-21,47.79827425024828
2019-06-24,47.72871117546176
2019-06-25,47.1857766470759
2019-06-26,47.82707337819451
2019-06-27,48.046162589997344
2019-06-28,47.53362431857061
2019-07-01,48.51071616495409
2019-07-02,48.553101268732064
2019-07-03,48.89851365763595
2019-07-05,48.952102035718845
2019-07-08,47.96219540826493
2019-07-09,48.10052478627552
2019-07-10,48.65703864685465
2019-07-11,48.60347587892975
2019-07-12,48.73541042501768
2019-07-15,49.18157996453786
2019-07-16,49.104023698770014
2019-07-17,48.91211670114193
2019-07-18,49.19437349858819
2019-07-19,48.891324729594665
2019-07-22,49.41986265830178
2019-07-23,49.977973549328105
2019-07-24,49.97398661289201
2019-07-25,49.81405815780002
2019-07-26,49.94358968024334
2019-07-29,50.2754298455847
2019-07-30,50.07473217729868
2019-07-31,51.63074437187972
2019-08-01,50.63044909779667
2019-08-02,48.94169230833771
2019-08-05,46.74200953420046
2019-08-06,47.10502181213548
2019-08-07,47.369693597759216
2019-08-08,48.483524967253224
2019-08-09,48.40207043735307
2019-08-12,48.29291097683853
2019-08-13,49.890956697571475
2019-08-14,49.10358522864376
2019-08-15,48.68379474901999
2019-08-16,49.56268627668601
2019-08-19,50.815590760631444
2019-08-20,50.889430872362546
2019-08-21,51.199244721678966
2019-08-22,51.17998781484993
2019-08-23,49.417405767514595
2019-08-26,49.66221291512942
2019-08-27,49.461545819279515
2019-08-28,49.32751180069769
2019-08-29,50.16385146175571
2019-08-30,50.27622047117247
2019-09-03,49.514522353354096
2019-09-04,50.24412474587015
2019-09-05,51.26908543042532
2019-09-06,51.38386045906924
2019-09-09,51.50345458399399
2019-09-10,51.785179062189876
2019-09-11,53.37760641429517
2019-09-12,53.966735581331356
2019-09-13,52.697774999821824
2019-09-16,52.78044387353817
2019-09-17,53.02524159471525
2019-09-18,53.38002051145829
2019-09-19,53.38242412812727
2019-09-20,52.7940964944024
2019-09-23,52.66967305051111
2019-09-24,52.761977315579486
2019-09-25,52.947388650370314
2019-09-26,52.94659694566483
2019-09-27,52.73790037431715
2019-09-30,53.72354333696919
2019-10-01,54.33916323660444
2019-10-02,53.011605442551605
2019-10-03,52.72586330092618
2019-10-04,54.449925210434365
2019-10-07,54.80629285090409
2019-10-08,54.32150627831239
2019-10-09,54.61607105103042
2019-10-10,55.2076082255813
2019-10-11,56.678838408980575
2019-10-14,56.88030734909005
2019-10-15,56.814477392004925
2019-10-16,56.40995438526844
2019-10-17,56.581725665077705
2019-10-18,56.848995935550306
2019-10-21,57.694971185941675
2019-10-22,57.93254719588381
2019-10-23,58.40289438467561
2019-10-24,58.607569182182125
2019-10-25,59.089145186082554
2019-10-28,59.79788000049087
2019-10-29,59.04259634418694
2019-10-30,58.57386410062342
2019-10-31,59.00888828510128
2019-11-01,61.07326808944162
2019-11-04,61.861436497710315
2019-11-05,61.93449075907242
2019-11-06,61.810876322471046
2019-11-07,62.62359095508145
2019-11-08,62.586549192355555
2019-11-11,63.030936413031
2019-11-12,63.249920028429244
2019-11-13,63.624261777958644
2019-11-14,63.56790539375394
2019-11-15,63.964792347836315
2019-11-18,64.303742473488
2019-11-19,64.37779232307092
2019-11-20,63.571925582477654
2019-11-21,63.37308895478105
2019-11-22,63.26037805889959
2019-11-25,64.0275720869567
2019-11-26,63.9164992231011
2019-11-27,64.49451585151846
2019-11-29,64.49610756821541
2019-12-02,64.07024680293961
2019-12-03,62.41267043985422
2019-12-04,63.25475357767859
2019-12-05,63.93663620065997
2019-12-06,65.12887726913513
2019-12-09,64.61526974025634
2019-12-10,64.75856977657988
2019-12-11,65.23837779645845
2019-12-12,65.3164712771398
2019-12-13,66.12473130592635
2019-12-16,67.43291746822234
2019-12-17,67.70259635548722
2019-12-18,67.6848829300754
2019-12-19,67.63578759880649
2019-12-20,67.67604621920532
2019-12-23,68.31766971608322
2019-12-24,68.59620406727079
2019-12-26,69.60333644367402
2019-12-27,70.19100487773751
2019-12-30,69.99295920205454
2019-12-31,70.590303374116
2020-01-02,72.14322857658719
2020-01-03,72.01201766647854
2020-01-06,71.85098843591568
2020-01-07,72.19394486738283
2020-01-08,72.83960754379875
2020-01-09,74.5680276131535
2020-01-10,74.96974115487956
2020-01-13,76.09119022755748
2020-01-14,75.86897726394831
2020-01-15,75.38352883752303
2020-01-16,75.91808130086471
2020-01-17,76.67806760619153
2020-01-21,76.60721786175917
2020-01-22,76.88171520373453
2020-01-23,76.83664763792422
2020-01-24,77.21660782698893
2020-01-27,74.51487607243187
2020-01-28,76.3407471957413
2020-01-29,78.376699260128
2020-01-30,77.82441621797592
2020-01-31,75.71280462986745
2020-02-03,74.41587305170545
2020-02-04,76.6498738665966
2020-02-05,77.69966121393301
2020-02-06,78.1448518469153
2020-02-07,77.58305382657954
2020-02-10,77.22154176000882
2020-02-11,77.6467964481517
2020-02-12,78.74992035338748
2020-02-13,78.6328972233149
2020-02-14,78.57965560199409
2020-02-18,76.93185316420148
2020-02-19,78.12857668073703
2020-02-20,77.72267106929473
2020-02-21,76.17653994762993
2020-02-24,71.94728306239097
2020-02-25,70.7489764288249
2020-02-26,70.77235730103
2020-02-27,67.17738362567947
2020-02-28,65.21326338876877
2020-03-02,70.84821452577951
2020-03-03,70.94101044535171
2020-03-04,72.56703009989091
2020-03-05,71.32512242421696
2020-03-06,69.48526718792239
2020-03-09,65.14224028232094
2020-03-10,67.87700857248022
2020-03-11,66.85699283279034
2020-03-12,61.83130596201146
2020-03-13,65.43114107369932
2020-03-16,59.81874321628314
2020-03-17,60.43042292409775
2020-03-18,59.21353574668848
2020-03-19,59.73321949137289
2020-03-20,57.21874703307133
2020-03-23,53.70123078230969
2020-03-24,58.81651407751375
2020-03-25,60.36587355130831
2020-03-26,61.6093914421726
2020-03-27,60.57487211343709
2020-03-30,61.30677808190509
2020-03-31,62.03706834714428
2020-04-01,58.807638565891914
2020-04-02,58.663999897713715
2020-04-03,58.59137498184487
2020-04-06,62.535760942448746
2020-04-07,63.75993361944155
2020-04-08,64.1262940277544
2020-04-09,64.77909351020806
2020-04-13,65.58768353373841
2020-04-14,68.86148959825127
2020-04-15,68.70333037120302
2020-04-16,69.17540329438698
2020-04-17,68.3175930096694
2020-04-20,67.41785703787691
2020-04-21,65.44808144618321
2020-04-22,66.67062683855823
2020-04-23,67.1104016292461
2020-04-24,68.02468071153088
2020-04-27,68.40234857839278
2020-04-28,67.99481733402793
2020-04-29,69.50221953269143
2020-04-30,70.74410448458853
2020-05-01,70.52140840624195
2020-05-04,70.46086639497334
2020-05-05,72.06269923780256
2020-05-06,72.84704683892366
2020-05-07,73.50390021791235
2020-05-08,74.82677352673912
2020-05-11,76.00245478548091
2020-05-12,76.22174980363691
2020-05-13,74.99182576273331
2020-05-14,74.51041269424734
2020-05-15,74.10259588823457
2020-05-18,76.20310256858689
2020-05-19,76.43695688219891
2020-05-20,77.2946632132858
2020-05-21,77.1603237510971
2020-05-22,77.14900291813727
2020-05-26,77.47265676981517
2020-05-27,76.86094398918351
2020-05-28,77.46052048910134
2020-05-29,77.31810418708562
2020-06-01,77.79147231335169
2020-06-02,78.1393898250301
2020-06-03,78.77939187688399
2020-06-04,78.38294639577619
2020-06-05,79.81998133253425
2020-06-08,80.45919054167825
2020-06-09,82.66248053396909
2020-06-10,85.25901157580628
2020-06-11,82.72963740389007
2020-06-12,82.59853871393678
2020-06-15,82.63334760359425
2020-06-16,84.95961608420662
2020-06-17,85.61339829954699
2020-06-18,85.31565493674243
2020-06-19,85.07533633738745
2020-06-22,86.5358228829554
2020-06-23,89.10080556916685
2020-06-24,87.98335198171429
2020-06-25,87.98661568762599
2020-06-26,86.73730744205379
2020-06-29,87.00108368768001
2020-06-30,88.25927955251125
2020-07-01,88.63149354392954
2020-07-02,88.86129126508189
2020-07-06,90.58313316164255
2020-07-07,90.91002937053493
2020-07-08,92.17957201190315
2020-07-09,92.8058492142474
2020-07-10,92.76134288480392
2020-07-13,94.08347705667398
2020-07-14,93.27433430789408
2020-07-15,94.98080686556766
2020-07-16,93.8059529013046
2020-07-17,93.63845245252976
2020-07-20,94.80521682659759
2020-07-21,94.82869912661663
2020-07-22,94.45891398055323
2020-07-23,91.24906456104857
2020-07-24,88.91794520519723
2020-07-27,91.65767578824216
2020-07-28,90.96344388739898
2020-07-29,91.9125433659799
2020-07-30,92.64805990570419
2020-07-31,101.46608326378971
2020-08-03,106.31037664804363
2020-08-04,106.43175846592209
2020-08-05,106.59680560896673
2020-08-06,109.43205593828161
2020-08-07,108.64608743763824
2020-08-10,109.10730136459858
2020-08-11,107.31185246994312
2020-08-12,109.13325028159365
2020-08-13,111.85604809673431
2020-08-14,111.19867047269798
2020-08-17,111.75149299622625
2020-08-18,112.04736861901729
2020-08-19,112.99088447507798
2020-08-20,114.2619440131276
2020-08-21,119.47811578467865
2020-08-24,122.75049390959255
2020-08-25,120.95987925995735
2020-08-26,122.75615863765435
2020-08-27,122.0201473127271
2020-08-28,121.85802672713947
2020-08-31,125.16933427977152
2020-09-01,129.5367867496768
2020-09-02,128.52196107792088
2020-09-03,120.03986478086584
2020-09-04,115.28326824030994
2020-09-08,111.69718199550876
2020-09-09,114.04144595666871
2020-09-10,112.34566727041114
2020-09-11,109.3432123714523
2020-09-14,111.56747976331356
2020-09-15,112.82878299075652
2020-09-16,110.29646537445733
2020-09-17,107.40424988359138
2020-09-18,104.99191843095288
2020-09-21,104.84925746955095
2020-09-22,108.24077984574022
2020-09-23,105.7019924290559
2020-09-24,104.88167918851792
2020-09-25,107.77388738182434
2020-09-28,111.23350836335307
2020-09-29,111.2043401887327
2020-09-30,112.41050253096905
2020-10-01,113.5940024644344
2020-10-02,110.43912824264014
2020-10-05,112.41375628498334
2020-10-06,110.73745061886729
2020-10-07,111.78472509370452
2020-10-08,112.1738314442446
2020-10-09,113.12382109685731
2020-10-12,119.59889618159413
2020-10-13,118.71696814821844
2020-10-14,117.97120286654507
2020-10-15,116.74558813085557
2020-10-16,116.52509506395022
2020-10-19,114.15166760273871
2020-10-20,114.17111499270594
2020-10-21,114.14195051221031
2020-10-22,112.95847627746821
2020-10-23,112.14463819487992
2020-10-26,111.69392879967855
2020-10-27,112.9714350182336
2020-10-28,109.50534688559249
2020-10-29,111.6842108963146
2020-10-30,106.53528819768786
2020-11-02,105.9516577237819
2020-11-03,107.2129418450251
2020-11-04,111.1784103394674
2020-11-05,115.27354731870345
2020-11-06,114.98520611414183
2020-11-09,115.0956567810374
2020-11-10,112.92924332528361
2020-11-11,115.48540213887004
2020-11-12,116.37861619595948
2020-11-13,115.8881476806332
2020-11-16,116.74560997695498
2020-11-17,116.60920058747905
2020-11-18,115.5796037995503
2020-11-19,115.14435819103619
2020-11-20,114.78384078781478
2020-11-23,112.12699528102445
2020-11-24,111.60406582425817
2020-11-25,113.01369433979387
2020-11-27,113.77695797655791
2020-11-30,115.89790073910046
2020-12-01,118.94126816771778
2020-12-02,119.31154717983924
2020-12-03,119.8279771619532
2020-12-04,119.08093446169804
2020-12-07,120.36064162964976
2020-12-08,120.9712565217197
2020-12-09,119.76300879001553
2020-12-10,119.28555466410464
2020-12-11,118.78537878884113
2020-12-14,119.09392434183961
2020-12-15,123.3942459091888
2020-12-16,124.31342477289012
2020-12-17,125.4762107374978
2020-12-18,124.03411010606354
2020-12-21,123.42023235250748
2020-12-22,128.6007773042427
2020-12-23,128.02587089868794
2020-12-24,128.79238190206593
2020-12-28,132.3684555627661
2020-12-29,132.51783041602883
2020-12-30,130.9295905387844
2020-12-31,129.64340098019215
2021-01-04,126.60000925441858
2021-01-05,127.05473459692509
2021-01-06,124.73241982888572
2021-01-07,126.8046733459537
2021-01-08,128.26623896956195
2021-01-11,125.90816042893466
2021-01-12,125.16117292029739
2021-01-13,126.94106791102111
2021-01-14,126.23948016534534
2021-01-15,124.83959806901977
2021-01-19,124.5537987803502
2021-01-20,127.66858690304971
2021-01-21,133.2096528617532
2021-01-22,134.44715389277494
2021-01-25,137.8932765200542
2021-01-26,139.28338477150086
2021-01-27,138.61433396227255
2021-01-28,135.04478591850497
2021-01-29,129.56540761083804
2021-02-01,130.06562110324077
2021-02-02,131.83901321445254
2021-02-03,130.9978181825089
2021-02-04,132.9660927577133
2021-02-05,133.37943929484584
2021-02-08,132.97284535851978
2021-02-09,133.28188985142708
2021-02-10,132.31901363126585
2021-02-11,131.83435193963234
2021-02-12,131.60666133752147
2021-02-16,130.76090605046534
2021-02-17,127.68374460344761
2021-02-18,125.92397277756969
2021-02-19,126.65910063120465
2021-02-22,124.03729446253107
2021-02-23,120.66735116430024
2021-02-24,121.37647626643854
2021-02-25,119.70127909681986
2021-02-26,119.48007499120918
2021-03-01,123.12322899145126
2021-03-02,123.2338427356306
2021-03-03,120.22821966678066
2021-03-04,117.86665426864477
2021-03-05,117.40474418592241
2021-03-08,115.01066485967938
2021-03-09,117.73329060408493
2021-03-10,117.62270851856938
2021-03-11,119.19380738695041
2021-03-12,117.54463612203665
2021-03-15,119.83789261979553
2021-03-16,122.79795553168498
2021-03-17,121.31790672130376
2021-03-18,118.41313959158673
2021-03-19,117.46004838841367
2021-03-22,119.5483920386735
2021-03-23,120.0037851131628
2021-03-24,118.09760861895609
2021-03-25,117.50883442452425
2021-03-26,117.62595501853977
2021-03-29,118.63107417139149
2021-03-30,116.82899265845731
2021-03-31,119.32066323145062
2021-04-01,120.24774010744271
2021-04-05,122.02376919193644
2021-04-06,123.2793872941989
2021-04-07,123.92019010101926
2021-04-08,126.62334897212466
2021-04-09,128.6530416321802
2021-04-12,128.3961000253066
2021-04-13,130.4454009240582
2021-04-14,129.6875069265204
2021-04-15,131.1349880187276
2021-04-16,130.7999753832919
2021-04-19,131.3008820772462
2021-04-20,130.25997689232761
2021-04-21,129.6419726636891
2021-04-22,129.3003656257445
2021-04-23,130.63408555003775
2021-04-26,131.2000615836494
2021-04-27,131.38548738464635
2021-04-28,130.66009212404285
2021-04-29,131.08947574489196
2021-04-30,128.8417860232943
2021-05-03,129.60614143742714
2021-05-04,125.57263134332587
2021-05-05,125.7287787784545
2021-05-06,125.7612899826954
2021-05-07,127.38578478595703
2021-05-10,124.8605580387239
2021-05-11,122.17240171524544
2021-05-12,120.44871609090552
2021-05-13,122.31252926182412
2021-05-14,124.20563379693856
2021-05-17,123.28674838412309
2021-05-18,122.71656532930267
2021-05-19,121.36433308466381
2021-05-20,123.86023495469654
2021-05-21,123.37473169336687
2021-05-24,124.13719760722823
2021-05-25,124.3196710769353
2021-05-26,124.03293541878362
2021-05-27,123.16621812712003
2021-05-28,122.17566145135046
2021-06-01,121.72275556570116
2021-06-02,121.97691015698456
2021-06-03,121.05478653278531
2021-06-04,122.48194812786886
2021-06-07,122.85664908345515
2021-06-08,124.27729796339756
2021-06-09,124.2740644206123
2021-06-10,123.89608401221271
2021-06-11,124.10787838289929
2021-06-14,126.45389641484198
2021-06-15,126.95565025294496
2021-06-16,126.91335396171644
2021-06-17,128.3763073053733
2021-06-18,127.7963570177659
2021-06-21,128.35353244209477
2021-06-22,130.23036221596465
2021-06-23,130.74193267119088
2021-06-24,130.65391830142408
2021-06-25,130.27270263295372
2021-06-28,131.43594847709855
2021-06-29,132.67089597479523
2021-06-30,133.67119005650122
2021-07-01,133.71028753919362
2021-07-02,136.10517099750845
2021-07-06,138.55870891213473
2021-07-07,140.8004739177001
2021-07-08,139.44827469346976
2021-07-09,141.22082495311687
2021-07-12,141.68027455049685
2021-07-13,142.30262769055557
2021-07-14,145.4534383337823
2021-07-15,145.18295481494695
2021-07-16,144.02951839048353
2021-07-19,139.51990695153427
2021-07-20,142.13317135176194
2021-07-21,142.11684125391739
2021-07-22,143.63200228674825
2021-07-23,144.7366200246558
2021-07-26,145.4925144958477
2021-07-27,143.86659135385023
2021-07-28,141.5727196394282
2021-07-29,142.31565896746238
2021-07-30,142.16247372231385
2021-08-02,142.62520485751313
2021-08-03,143.55709276233162
2021-08-04,143.70041114019986
2021-08-05,143.71672125800194
2021-08-06,143.2173722807826
2021-08-09,143.03136632218613
2021-08-10,143.12928216553578
2021-08-11,142.96611881210922
2021-08-12,144.81639737823764
2021-08-13,145.80515646315436
2021-08-16,146.44798802158752
2021-08-17,147.15939647512747
2021-08-18,144.63688395604996
2021-08-19,143.32181877130995
2021-08-20,144.7151985940762
2021-08-23,146.12494644084236
2021-08-24,146.72537725807405
2021-08-25,145.69742754786037
2021-08-26,144.94362467443867
2021-08-27,144.94693643326008
2021-08-30,148.54953358621287
2021-08-31,148.77799732301966
2021-09-01,150.05387724777066
2021-09-02,150.3606517523473
2021-09-03,150.76857296292312
2021-09-07,152.83091669088523
2021-09-08,152.10973437459242
2021-09-09,151.45708901285948
2021-09-10,147.87401596380155
2021-09-13,146.75475874576014
2021-09-14,145.5734575286124
2021-09-15,145.16228428756094
2021-09-16,145.20794344948916
2021-09-17,143.79172892273746
2021-09-20,140.00962360469063
2021-09-21,140.58397137457254
2021-09-22,142.27103385015678
2021-09-23,143.4360365488525
2021-09-24,143.56656460503802
2021-09-27,142.0002125820823
2021-09-28,139.78117755750864
2021-09-29,140.09448802248622
2021-09-30,139.39288159862522
2021-10-01,138.58358697787114
2021-10-04,136.93236529932403
2021-10-05,137.94071616799542
2021-10-06,137.8787144144151
2021-10-07,140.39462741701416
2021-10-08,140.20216232564482
2021-10-11,140.13360617701582
2021-10-12,138.9490712680434
2021-10-13,137.54912883621896
2021-10-14,140.04223649479044
2021-10-15,141.3801676877961
2021-10-18,142.4570347265504
2021-10-19,145.0447911950818
2021-10-20,145.90956451375095
2021-10-21,145.86388154948804
2021-10-22,146.033593664104
2021-10-25,145.42007252133723
2021-10-26,146.57528034151767
2021-10-27,145.8899916619374
2021-10-28,148.62787066708643
2021-10-29,145.58974397151977
2021-11-01,145.69091167143685
2021-11-02,146.92442819198845
2021-11-03,147.91646711522108
2021-11-04,148.1612008764546
2021-11-05,148.2173121036736
2021-11-08,147.7696194053581
2021-11-09,147.81206750292904
2021-11-10,145.72055331035082
2021-11-11,145.41994490846537
2021-11-12,146.36433968679754
2021-11-15,147.48856384990535
2021-11-16,147.65847600081824
2021-11-17,150.15847521425405
2021-11-18,153.46246305955057
2021-11-19,156.2435572559867
2021-11-22,159.38732926404364
2021-11-23,157.6062789245668
2021-11-24,158.0801953315091
2021-11-26,154.77948018800345
2021-11-29,156.93635649725422
2021-11-30,160.3743136676445
2021-12-01,163.2697753964836
2021-12-02,158.74682833012955
2021-12-03,158.99523251793968
2021-12-06,162.5769493356832
2021-12-07,167.02797298013374
2021-12-08,170.50513765995177
2021-12-09,171.64568744362714
2021-12-10,174.43652948130224
2021-12-13,174.31564819933047
2021-12-14,171.3352265797126
2021-12-15,173.56728844235258
2021-12-16,171.29271212970798
2021-12-17,168.0737650813163
2021-12-20,165.94630466548065
2021-12-21,168.4038167483504
2021-12-22,171.12931179075693
2021-12-23,172.68162070982874
2021-12-27,175.76010776238277
2021-12-28,176.19476863514942
2021-12-29,175.86795127323896
2021-12-30,175.44639821382293
2021-12-31,174.53130695172362
2022-01-03,177.32218020633056
2022-01-04,177.0477129015277
2022-01-05,173.11628196007624
2022-01-06,169.5900986421774
2022-01-07,169.06720486369792
2022-01-10,167.603163611619
2022-01-11,170.28944782578301
2022-01-12,172.39729682614032
2022-01-13,170.13260019871964
2022-01-14,169.26330109736952
2022-01-18,167.24039137385384
2022-01-19,164.46256749900795
2022-01-20,162.86778722082434
2022-01-21,160.4723293570615
2022-01-24,156.41347815793097
2022-01-25,156.72068507029928
2022-01-26,157.48539424084086
2022-01-27,157.3023718352791
2022-01-28,164.53776134238478
2022-01-31,169.7044667916576
2022-02-01,170.51167571297512
2022-02-02,171.58684916582592
2022-02-03,170.34825705544156
2022-02-04,169.22695922851562
2022-02-07,169.02737493895032
2022-02-08,170.67985054698315
2022-02-09,172.71511582760536
2022-02-10,169.8748837746675
2022-02-11,166.80230497966429
2022-02-14,165.2512918770017
2022-02-15,168.84085511047994
2022-02-16,168.8245350653526
2022-02-17,166.6386951073358
2022-02-18,164.9273466991558
2022-02-22,161.37050644695003
2022-02-23,159.01783729769645
2022-02-24,156.27572190859664
2022-02-25,160.61134918673542
2022-02-28,161.3083133744592
2022-03-01,160.91566290222633
2022-03-02,162.58448730671773
2022-03-03,163.83444759485357
2022-03-04,160.60480634138432
2022-03-07,158.16378602686038
2022-03-08,155.79471158701594
2022-03-09,158.9523799927933
2022-03-10,155.39224070368633
2022-03-11,153.3045877156616
2022-03-14,148.83154137191386
2022-03-15,150.86026202132197
2022-03-16,155.11737354003364
2022-03-17,156.8189106485869
2022-03-18,159.75406442539176
2022-03-21,161.88748909687112
2022-03-22,164.6394100565889
2022-03-23,167.04446076813772
2022-03-24,169.63600325959757
2022-03-25,171.05285881777573
2022-03-28,171.2426479928805
2022-03-29,174.83549668074932
2022-03-30,174.76025456266555
2022-03-31,172.4566455098177
2022-04-01,170.52278337980934
2022-04-04,173.87349278678983
2022-04-05,172.6987589835377
2022-04-06,168.70996982059987
2022-04-07,168.6314931291171
2022-04-08,167.23095209905847
2022-04-11,163.70029998559255
2022-04-12,164.97317046249273
2022-04-13,166.29513705171507
2022-04-14,164.13219135186503
2022-04-18,162.05110640300785
2022-04-19,163.32397220886222
2022-04-20,164.33185683098847
2022-04-21,164.8717023713551
2022-04-22,160.71604790322792
2022-04-25,158.54010059329428
2022-04-26,155.70963848954605
2022-04-27,154.36149611528063
2022-04-28,159.38429966043165
2022-04-29,157.424270801027
2022-05-02,153.61546246777505
2022-05-03,155.92231103986856
2022-05-04,160.91240166395747
2022-05-05,155.69000513423853
2022-05-06,154.313041460856
2022-05-09,150.53797214766163
2022-05-10,152.11091021953777
2022-05-11,146.73009994460338
2022-05-12,140.11061068609072
2022-05-13,143.63666194063788
2022-05-16,143.28272029843973
2022-05-17,146.05177870144553
2022-05-18,140.28101849405604
2022-05-19,136.1946196334238
2022-05-20,134.6511678515052
2022-05-23,138.9505318435128
2022-05-24,137.52179086308834
2022-05-25,137.84621294726927
2022-05-26,139.35691409699461
2022-05-27,145.68801594725642
2022-05-31,146.26479297748128
2022-06-01,146.85132921215396
2022-06-02,147.24787407558372
2022-06-03,143.4694810712048
2022-06-06,144.05936462247465
2022-06-07,144.78028012973127
2022-06-08,145.92069923245913
2022-06-09,141.9326213009676
2022-06-10,135.97829041806617
2022-06-13,130.59424931350628
2022-06-14,130.46641126121577
2022-06-15,132.69479252652349
2022-06-16,128.29052791914208
2022-06-17,129.26052255603904
2022-06-21,133.1273791204834
2022-06-22,133.37969119178453
2022-06-23,135.1721873694958
2022-06-24,138.7277424554854
2022-06-27,139.63874293764226
2022-06-28,137.0367966987168
2022-06-29,136.50920041642718
2022-06-30,133.98266754687984
2022-07-01,135.54574623294118
2022-07-05,137.6659513740856
2022-07-06,140.29411861643715
2022-07-07,142.93534240107599
2022-07-08,144.05279604513282
2022-07-11,142.64372051304346
2022-07-12,143.9774367367102
2022-07-13,142.24063688425852
2022-07-14,144.4067310715889
2022-07-15,147.211818188271
2022-07-18,145.93706888929455
2022-07-19,147.18232027713566
2022-07-20,149.80061232547902
2022-07-21,151.6783361884061
2022-07-22,151.97985857030213
2022-07-25,150.82960378218863
2022-07-26,149.26320159319982
2022-07-27,152.79907940642934
2022-07-28,153.82147748302972
2022-07-29,159.14333572574844
2022-08-01,159.2579977043977
2022-08-02,157.96687295613685
2022-08-03,161.7091930040883
2022-08-04,163.00686645507812
2022-08-05,162.17334050868104
2022-08-08,163.0528165351409
2022-08-09,162.10445751123171
2022-08-10,165.87491520944377
2022-08-11,166.59357927755403
2022-08-12,168.56250259201195
2022-08-15,169.9604554523742
2022-08-16,170.1146429231876
2022-08-17,171.71276353360417
2022-08-18,171.35179728923868
2022-08-19,169.51415482054608
2022-08-22,165.57631799112437
2022-08-23,164.9265665615534
2022-08-24,164.6968379110593
2022-08-25,166.8725277213321
2022-08-26,163.4958093937751
2022-08-29,158.85900241261362
2022-08-30,157.2477755280077
2022-08-31,155.85312154603648
2022-09-01,154.57663050612862
2022-09-02,154.6061380205839
2022-09-06,152.6930252024754
2022-09-07,152.99818551367684
2022-09-08,152.09904890903022
2022-09-09,154.21235147503603
2022-09-12,159.80737216496686
2022-09-13,153.49368853398465
2022-09-14,152.92599145782262
2022-09-15,150.61908630827403
2022-09-16,147.80676775663673
2022-09-19,150.34015247979613
2022-09-20,153.5954115722545
2022-09-21,152.9391309292564
2022-09-22,150.33360722459676
2022-09-23,147.81992234271468
2022-09-26,149.04064693343892
2022-09-27,149.77903647477467
2022-09-28,146.13320145485486
2022-09-29,141.0665027631657
2022-09-30,137.59467739531325
2022-10-03,138.87773315960288
2022-10-04,143.26516078959796
2022-10-05,143.33406288153628
2022-10-06,143.79346180204132
2022-10-07,138.69067513593498
2022-10-10,138.11315915784036
2022-10-11,137.3485682401199
2022-10-12,136.79397612712376
2022-10-13,138.13613315388648
2022-10-14,138.18209513136378
2022-10-17,139.6554588134721
2022-10-18,141.45377860399046
2022-10-19,141.2076640189918
2022-10-20,141.7392300429405
2022-10-21,143.65568776793324
2022-10-24,146.25134905765586
2022-10-25,149.04392592057107
2022-10-26,147.4655380124946
2022-10-27,143.7245787851007
2022-10-28,151.298353068112
2022-10-31,150.78644091605807
2022-11-01,149.3852311392991
2022-11-02,145.10936919763438
2022-11-03,137.96550061656788
2022-11-04,136.55088653130895
2022-11-07,135.99536875636792
2022-11-08,137.53365537118145
2022-11-09,134.11192929170315
2022-11-10,142.4049687610705
2022-11-11,145.96805460411142
2022-11-14,146.59586529074696
2022-11-15,148.63379096445053
2022-11-16,146.5827117483138
2022-11-17,147.3715896146299
2022-11-18,149.21556071709873
2022-11-21,146.63203626332893
2022-11-22,147.10205255213555
2022-11-23,148.65024352074263
2022-11-25,145.97790279588585
2022-11-28,142.7336831490634
2022-11-29,140.1336864830896
2022-11-30,143.73947404316255
2022-12-01,145.95818601482
2022-12-02,145.10687495939627
2022-12-05,145.71826627096289
2022-12-06,142.04011638488518
2022-12-07,139.4697215775631
2022-12-08,140.44264597563094
2022-12-09,140.88968137005068
2022-12-12,141.35642518644258
2022-12-13,144.52178792938614
2022-12-14,141.6785432032367
2022-12-15,136.1892947850565
2022-12-16,133.4150698343103
2022-12-19,131.11420017747687
2022-12-20,129.9801974982282
2022-12-21,133.12583054193945
2022-12-22,130.52254957514697
2022-12-23,129.48057530690883
2022-12-27,128.24466041001924
2022-12-28,125.87147770914963
2022-12-29,127.4755098215911
2022-12-30,127.30791095695226
2023-01-03,124.95112740724717
2023-01-04,124.93797991960928
2023-01-05,124.09980053506649
2023-01-06,126.4828558534526
2023-01-09,129.32607896514585
2023-01-10,128.22821938242365
2023-01-11,130.6441467043998
2023-01-12,131.18651222369866
2023-01-13,131.91951264598006
2023-01-17,133.8982811200786
2023-01-18,134.3880374485963
2023-01-19,133.2178697675959
2023-01-20,134.8022150337982
2023-01-23,138.81890056583683
2023-01-24,140.0219078363714
2023-01-25,139.07198738565555
2023-01-26,141.37616071701177
2023-01-27,143.3910658457143
2023-01-30,141.80018421544017
2023-01-31,141.63911107969076
2023-02-01,142.44439414452987
2023-02-02,147.96982397805286
2023-02-03,151.10560222159413
2023-02-06,149.75794574083184
2023-02-07,151.37182190838368
2023-02-08,150.43504941858112
2023-02-09,149.76121844214276
2023-02-10,148.6566243224099
2023-02-13,151.11245788467392
2023-02-14,150.71739987759136
2023-02-15,152.65312720191355
2023-02-16,152.5477763674261
2023-02-17,150.24667318211456
2023-02-21,147.54392977792236
2023-02-22,146.82957484080885
2023-02-23,147.145591922455
2023-02-24,144.72268426766652
2023-02-27,146.34236178805054
2023-02-28,145.94072015904325
2023-03-01,144.04125146447134
2023-03-02,143.70216079716386
2023-03-03,147.96529711860686
2023-03-06,152.61360798263686
2023-03-07,150.3651990483717
2023-03-08,150.82935380844881
2023-03-09,149.90428291209594
2023-03-10,147.16867711510736
2023-03-13,148.5710361682537
2023-03-14,150.1446095648067
2023-03-15,150.16764234619995
2023-03-16,152.7321009461714
2023-03-17,153.41355895870666
2023-03-20,154.51635271389128
2023-03-21,156.44221174653612
2023-03-22,157.28494437772605
2023-03-23,157.4100369044879
2023-03-24,157.5021995433194
2023-03-27,157.00185912497204
2023-03-28,155.42166934280678
2023-03-29,158.4009425943586
2023-03-30,160.0238824714426
2023-03-31,161.90359917381082
2023-04-03,163.50678679232962
2023-04-04,163.80308642676607
2023-04-05,161.50856793611004
2023-04-06,161.8410850821953
2023-04-10,159.37866128222723
2023-04-11,159.22392693037037
2023-04-12,158.65441444910132
2023-04-13,162.22292937785303
2023-04-14,163.06897261695403
2023-04-17,162.8385276808134
2023-04-18,164.4450351717379
2023-04-19,165.037622425499
2023-04-20,164.62611053823943
2023-04-21,163.2697882866449
2023-04-24,162.89451549351273
2023-04-25,162.56202275093293
2023-04-26,161.91348191722585
2023-04-27,165.31082726044698
2023-04-28,167.0391121301673
2023-05-01,167.45722017069116
2023-05-02,166.71651545774264
2023-05-03,166.4202396964939
2023-05-04,163.6582637792946
2023-05-05,170.73273987642915
2023-05-08,171.0059623911236
2023-05-09,170.16653252528633
2023-05-10,171.0158597897298
2023-05-11,171.3516359144826
2023-05-12,170.63924087484892
2023-05-15,170.34915398932267
2023-05-16,170.43486244210172
2023-05-17,170.11509774068804
2023-05-18,172.36664292439266
2023-05-19,173.56000040077228
2023-05-22,172.19850446495082
2023-05-23,170.1744346140465
2023-05-24,169.69972318120975
2023-05-25,170.95240817654076
2023-05-26,172.84135408924632
2023-05-30,175.65988516971527
2023-05-31,175.82472036807036
2023-06-01,177.07080927626802
2023-06-02,178.66965210859772
2023-06-05,178.86082496078055
2023-06-06,176.94555264189364
2023-06-07,176.81036823606655
2023-06-08,177.64110796962723
2023-06-09,179.27291456667228
2023-06-12,180.86516881197358
2023-06-13,181.27720487285595
2023-06-14,181.4288613895229
2023-06-15,183.3902889347166
2023-06-16,183.34746313490064
2023-06-20,183.12987574081572
2023-06-21,181.95629960303233
2023-06-22,183.8550881744469
2023-06-23,184.3594784340613
2023-06-26,184.12873025840767
2023-06-27,185.30559195558249
2023-06-28,186.83188994326608
2023-06-29,187.44175178421935
2023-06-30,191.10422303092756
2023-07-03,190.5734827434131
2023-07-05,189.52845347552966
2023-07-06,188.9021286684427
2023-07-07,189.08673095961092
2023-07-10,186.46599025487149
2023-07-11,185.9187776192214
2023-07-12,187.88349090799693
2023-07-13,188.40107494231538
2023-07-14,188.39777239606755
2023-07-17,191.23937966464135
2023-07-18,191.3580651594128
2023-07-19,193.17114882162272
2023-07-20,191.89209537122144
2023-07-21,190.586665576147
2023-07-24,191.17015308528894
2023-07-25,191.52288414827737
2023-07-26,192.3404384545855
2023-07-27,192.17889482278392
2023-07-28,193.37555267345877
2023-07-31,193.90298815545592
2023-08-01,193.71178009702894
2023-08-02,191.07125645454482
2023-08-03,189.29771567970624
2023-08-04,181.73543548110172
2023-08-07,177.79275231806665
2023-08-08,177.23893043724965
2023-08-09,176.73785804556516
2023-08-10,176.80046598488047
2023-08-11,175.93009251607418
2023-08-14,177.08545707583508
2023-08-15,176.2667938515049
2023-08-16,175.48445220325289
2023-08-17,173.29922126332062
2023-08-18,172.16367863245682
2023-08-21,173.53690887533617
2023-08-22,175.33591166127613
2023-08-23,178.5840975084275
2023-08-24,176.10507585881922
2023-08-25,176.13476216759207
2023-08-28,178.03287380131874
2023-08-29,181.06644736727313
2023-08-30,184.93522506921204
2023-08-31,186.331539395193
2023-09-01,187.38459120643907
2023-09-05,187.2624288569108
2023-09-06,182.62123805684143
2023-09-07,174.72524154152302
2023-09-08,177.00293163063893
2023-09-11,177.26368490736812
2023-09-12,175.36564185219208
2023-09-13,173.46425329721015
2023-09-14,173.441158307402
2023-09-15,173.4114444977984
2023-09-18,176.11497456491944
2023-09-19,176.87748347278406
2023-09-20,175.14778633461341
2023-09-21,173.00212552644143
2023-09-22,173.60618923618952
2023-09-25,174.0287177179686
2023-09-26,171.2624972882039
2023-09-27,169.1828515854675
2023-09-28,168.4632403643421
2023-09-29,169.8760664081411
2023-10-02,171.31530777122157
2023-10-03,170.6122104699576
2023-10-04,171.2690958121009
2023-10-05,172.65550405607334
2023-10-06,174.51067106443725
2023-10-09,176.22060001400075
2023-10-10,176.95342628471076
2023-10-11,177.34624095058788
2023-10-12,178.94392620255908
2023-10-13,177.89751907159953
2023-10-16,176.37573265444507
2023-10-17,175.0751370541028
2023-10-18,174.46778844741553
2023-10-19,174.45454753329136
2023-10-20,171.96232056661623
2023-10-23,170.64190438359407
2023-10-24,171.17666539506504
2023-10-25,169.9387822906954
2023-10-26,166.35060769318204
2023-10-27,166.37370910320416
2023-10-30,168.45991656390981
2023-10-31,168.20907494739427
2023-11-01,171.09745348448016
2023-11-02,175.22040213219103
2023-11-03,173.90330352721264
2023-11-06,176.56059092691393
2023-11-07,179.32025448463904
2023-11-08,180.87170622124944
2023-11-09,181.0070617407305
2023-11-10,183.94267533077766
2023-11-13,183.46010782434846
2023-11-14,185.7110574769575
2023-11-15,186.84807205196182
2023-11-16,188.18013748423226
2023-11-17,187.9553760717137
2023-11-20,189.475838742941
2023-11-21,189.0329284552624
2023-11-22,190.0807128032807
2023-11-24,188.44456209489752
2023-11-27,188.19335174001606
2023-11-28,188.6957603852588
2023-11-29,188.54704061392022
2023-11-30,187.89587788074655
2023-12-01,189.07589634117642
2023-12-04,187.39015326954538
2023-12-05,191.04917621718434
2023-12-06,191.44251547123272
2023-12-07,192.65557605522318
2023-12-08,193.48522614834292
2023-12-11,191.07894266850963
2023-12-12,192.09038067939073
2023-12-13,195.2833206623923
2023-12-14,196.30138694574762
2023-12-15,195.99729391516732
2023-12-18,193.99424816115734
2023-12-19,194.94289245648028
2023-12-20,194.1363726628456
2023-12-21,193.44885128160317
2023-12-22,192.36471444973583
2023-12-26,191.6342513462317
2023-12-27,190.96323052634799
2023-12-28,192.1763070320138
2023-12-29,191.26732023087948
2024-01-02,184.42857513608428
2024-01-03,182.9709032454331
2024-01-04,180.43237545401266
2024-01-05,179.8473581389983
2024-01-08,182.6734503711231
2024-01-09,182.7924065740733
2024-01-10,183.94597071773276
2024-01-11,183.8633351505786
2024-01-12,184.38891335386344
2024-01-16,181.40414898603942
2024-01-17,180.44231110854525
2024-01-18,186.28945902468422
2024-01-19,189.17504348187302
2024-01-22,192.1994351099203
2024-01-23,193.2836005595539
2024-01-24,193.43564693262957
2024-01-25,192.88366088762666
2024-01-26,191.41937582397114
2024-01-29,189.56508034167294
2024-01-30,187.51577706116882
2024-01-31,183.72785440016574
2024-02-01,184.31619797194608
2024-02-02,182.59742205841118
2024-02-05,186.0151140705874
2024-02-06,186.8778203068026
2024-02-07,188.0975028490841
2024-02-08,186.82162709188924
2024-02-09,187.59948473484633
2024-02-12,186.19953902521374
2024-02-13,183.60153304603418
2024-02-14,182.72780960820538
2024-02-15,181.92690760214518
2024-02-16,181.63895254844397
2024-02-20,180.03712674656344
2024-02-21,180.65931870367822
2024-02-22,182.61859528350138
2024-02-23,181.95667011780688
2024-02-26,180.22906841199006
2024-02-27,180.73875804681475
2024-02-28,180.26218882306785
2024-02-29,179.65983396058292
2024-03-01,177.91240864478834
2024-03-04,174.01370772978098
2024-03-05,169.3770319310519
2024-03-06,168.4701791367261
2024-03-07,168.19879622069598
2024-03-08,169.9032115214851
2024-03-11,171.82610290525938
2024-03-12,171.52489994946924
2024-03-13,170.46917891819635
2024-03-14,171.88566988114553
2024-03-15,170.61810671233596
2024-03-18,173.73571292048135
2024-03-19,173.99054221492725
2024-03-20,176.21127728684974
2024-03-21,171.9981994109103
2024-03-22,170.5717800361262
2024-03-25,169.52925038421503
2024-03-26,169.0229071688853
2024-03-27,171.1112301678237
2024-03-28,170.18454386079566
2024-04-01,169.0394436318517
2024-04-02,167.5997639977676
2024-04-03,168.42716312448974
2024-04-04,168.64229571998666
2024-04-05,168.43046516137795
2024-04-08,167.42766657013613
2024-04-09,168.1590841262307
2024-04-10,166.7955370371853
2024-04-11,171.6539894377535
2024-04-12,175.11579210393663
2024-04-15,172.69981249188382
2024-04-16,169.25457283173387
2024-04-17,167.67921833701743
2024-04-18,166.21639676258224
2024-04-19,163.98242042031035
2024-04-22,164.77338384325037
2024-04-23,165.10436042214334
2024-04-24,166.97757564731828
2024-04-25,168.34111844072646
2024-04-26,168.72834197387218
2024-04-29,172.96789406765677
2024-04-30,170.54861322024865
2024-05-01,169.15859174337533
2024-05-02,171.2171209984117
2024-05-03,183.032282101719
2024-05-06,180.8115706825171
2024-05-07,181.5694349308876
2024-05-08,181.11935212577836
2024-05-09,182.46967275775572
2024-05-10,182.3625514186335
2024-05-13,184.92431827337478
2024-05-14,186.25656295147886
2024-05-15,188.15220235673723
2024-05-16,189.10003491305005
2024-05-17,188.85479354006634
2024-05-20,189.55403577065985
2024-05-21,190.88961267982722
2024-05-22,190.22349582989168
2024-05-23,187.08177816386112
2024-05-24,188.4372195931385
2024-05-28,189.59382884674164
2024-05-29,189.5805601197139
2024-05-30,190.25995801047
2024-05-31,190.46874790939356
2024-06-03,192.72561365760885
2024-06-04,193.1100344672709
2024-06-05,194.74717015642648
2024-06-06,193.92196085794907
2024-06-07,194.8565486756485
2024-06-10,193.06692682350595
2024-06-11,201.47469832216217
2024-06-12,212.15592530523224
2024-06-13,212.95792273502218
2024-06-14,211.75489944786645
2024-06-17,214.86349968091858
2024-06-18,214.0614827425318
2024-06-20,209.7035129773177
2024-06-21,207.62230122482916
2024-06-24,207.93380830903857
2024-06-25,208.47399816710512
2024-06-26,211.68531804682922
2024-06-27,212.82537684527233
2024-06-28,211.1020337359815
2024-07-01,214.14765210171404
2024-07-02,217.31921285182798
2024-07-03,219.43356385287132
2024-07-05,223.5131829021458
2024-07-08,224.99787255529543
2024-07-09,226.83054923748807
2024-07-10,230.42961530706236
2024-07-11,227.2547627668131
2024-07-12,229.28624997171173
2024-07-15,233.54814098512043
2024-07-16,233.11732570932273
2024-07-17,227.66899686798718
2024-07-18,224.32513584040547
2024-07-19,223.49661072343002
2024-07-22,223.64243534607888
2024-07-23,223.57614950367798
2024-07-24,218.88343184266742
2024-07-25,216.39459375278042
2024-07-26,216.5602833616821
2024-07-29,216.50396212951946
2024-07-30,217.15351797955591
2024-07-31,220.89176474641235
2024-08-01,218.68127086658583
2024-08-02,219.7782508950382
2024-08-05,205.0638439702807
2024-08-06,204.90475279928316
2024-08-07,208.7357950339492
2024-08-08,210.88661024831518
2024-08-09,213.75330959099978
2024-08-12,216.5388988218077
2024-08-13,219.700855964022
2024-08-14,220.45731381337504
2024-08-15,223.2377053969451
2024-08-16,224.46533621412638
2024-08-19,223.93114667431988
2024-08-20,225.32799496382745
2024-08-21,225.42752670662028
2024-08-22,224.54493997487668
2024-08-23,225.41425098045622
2024-08-26,225.0691755586371
2024-08-27,226.20391505016437
2024-08-28,226.29015499627107
2024-08-29,229.4620871208525
2024-08-30,227.89936032049758
2024-09-03,223.27421761150413
2024-09-04,219.01734811219333
2024-09-05,222.09304277940842
2024-09-06,220.91518597435046
2024-09-09,218.61257324569002
2024-09-10,218.42344780586296
2024-09-11,220.1885711506156
2024-09-12,221.01805517691164
2024-09-13,221.78446749469072
2024-09-16,214.8202128062062
2024-09-17,215.06240764023897
2024-09-18,219.29274018290238
2024-09-19,226.71818954253206
2024-09-20,228.57287858801195
2024-09-23,226.19063142724693
2024-09-24,226.42952359399416
2024-09-25,224.84689398997588
2024-09-26,226.09109529699586
2024-09-27,227.1461819222607
2024-09-30,230.8091280637149
2024-10-01,225.4839096771099
2024-10-02,224.67767533247797
2024-10-03,224.22312594522054
2024-10-04,225.26162863551838
2024-10-07,221.8707679587538
2024-10-08,223.95769908522288
2024-10-09,226.9836229932392
2024-10-10,227.51115449517215
2024-10-11,227.04334552849934
2024-10-14,229.47535276692867
2024-10-15,233.48335385885306
2024-10-16,230.17541886462394
2024-10-17,231.09780243768344
2024-10-18,233.97441264601784
2024-10-21,234.83375527011512
2024-10-22,233.8052083962683
2024-10-23,230.14888021285674
2024-10-24,228.86817356556602
2024-10-25,230.32804416651288
2024-10-28,232.47804907871262
2024-10-29,232.35860938302935
2024-10-30,229.96971571400522
2024-10-31,225.98492357512342
2024-11-01,221.81102354811708
2024-11-04,220.47722096869768
2024-11-05,221.81433361696347
2024-11-06,222.29210638555605
2024-11-07,225.59342452209862
2024-11-08,226.5391408420968
2024-11-11,223.01830087056078
2024-11-12,223.59957074348992
2024-11-13,224.0479808224572
2024-11-14,226.55908090993583
2024-11-15,224.59935061493266
2024-11-18,226.83807355083658
2024-11-19,227.55885174178206
2024-11-20,227.46584259568996
2024-11-21,227.32301959542605
2024-11-22,228.73798905253625
2024-11-25,231.1328303740934
2024-11-26,233.82327689802563
2024-11-27,233.97939785062124
2024-11-29,235.53387276609357
2024-12-02,238.33392915858767
2024-12-03,240.58261534543678
2024-12-04,241.9311726870762
2024-12-05,242.37624216688062
2024-12-06,242.32309577623997
2024-12-09,244.37913784174273
2024-12-10,246.23256597272052
2024-12-11,246.9732571898917
2024-12-12,246.58464934819435
2024-12-13,247.0097973407318
2024-12-16,249.13889603353084
2024-12-17,251.47062994195278
2024-12-18,249.13891398623537
2024-12-19,248.7436502628448
2024-12-20,250.83623654131836
2024-12-23,253.88872694213123
2024-12-24,256.32342167164506
2024-12-26,258.00077239449183
2024-12-27,254.87853768860165
2024-12-30,251.2580554818617
2024-12-31,250.1553064625166
2025-01-02,244.05696375622938
2025-01-03,242.28325747621
2025-01-06,244.30938788504739
2025-01-07,242.17696674814124
2025-01-08,241.2967335844578
2025-01-10,235.83281040468773
2025-01-13,232.10605026709666
2025-01-14,233.12907611447142
2025-01-15,236.24798988045376
2025-01-16,230.61467000618305
2025-01-17,229.4355174901949
2025-01-21,221.36084545498946
2025-01-22,221.79263996126454
2025-01-23,223.53647889116255
2025-01-24,222.48353523902975
2025-01-27,227.8544528475691
2025-01-28,235.58370288601802
2025-01-29,236.90235565112434
2025-01-30,237.68621950024567
2025-01-31,238.03168423825844
2025-02-03,227.70500155002614
2025-02-04,230.04336154520797
2025-02-05,230.3190576875788
2025-02-06,231.66095648527747
2025-02-07,228.81770342899895
2025-02-10,227.9220913364828
2025-02-11,231.42686888193168
2025-02-12,234.26324538126468
2025-02-13,239.22777358959945
2025-02-14,243.11824374300534
2025-02-18,243.23462040048634
2025-02-19,244.08254604203867
2025-02-20,245.03354602424756
2025-02-21,245.884802916128
2025-02-24,246.1907207462782
2025-02-25,246.71277963484118
2025-02-26,240.90032709673278
2025-02-27,238.35656064811016
2025-02-28,237.462085284803
2025-03-03,238.80545600093237
2025-03-04,236.31489834566608
2025-03-05,233.26901823595972
2025-03-06,234.87509354628494
2025-03-07,237.81787950011503
2025-03-10,228.72680498218975
2025-03-11,220.8361224688846
2025-03-12,217.3479865180036
2025-03-13,211.12988220378577
2025-03-14,211.82152341855476
2025-03-17,212.5430840314917
2025-03-18,212.58962691094115
2025-03-19,215.3894406627908
2025-03-20,214.07932721772272
2025-03-21,215.6022510412838
2025-03-24,219.7254996338354
2025-03-25,222.09969722961546
2025-03-26,221.7970842016564
2025-03-27,222.58848601828808
2025-03-28,219.2599714610766
2025-03-31,220.78623789182905
2025-04-01,221.38143970880265
2025-04-02,222.82125466919067
2025-04-03,203.47860894001792
2025-04-04,191.398178956102
2025-04-07,182.96215241542578
2025-04-08,176.89035580802363
2025-04-09,189.98496315243074
2025-04-10,188.93753896422857
2025-04-11,194.1081963580417
2025-04-14,205.03812248579365
2025-04-15,201.32387910089938
2025-04-16,195.30194646568995
2025-04-17,196.26293748867639
2025-04-21,191.78720945651858
2025-04-22,198.61384707823575
2025-04-23,204.6324613962408
2025-04-24,206.20858923472528
2025-04-25,207.90110608393874
2025-04-28,209.18796909396326
2025-04-29,210.09241052407899
2025-04-30,210.40165767295687
2025-05-01,211.74171384301994
2025-05-02,204.3331809398469
2025-05-05,199.9106755217482
2025-05-06,198.2414092043574
2025-05-07,195.83397722762325
2025-05-08,196.92464705537785
2025-05-09,198.38440846851825
2025-05-12,209.3657250876519
2025-05-13,211.53659082929573
2025-05-14,212.04268087370173
2025-05-15,211.07711647677047
2025-05-16,210.96058334830738
2025-05-19,207.27142741786687
2025-05-20,206.55225293113597
2025-05-21,203.04955429680592
2025-05-22,201.0418297318121
2025-05-23,195.25507578186077
2025-05-27,199.23389260921817
2025-05-28,200.78878282810805
2025-05-29,200.52907923220664
2025-05-30,199.63676407608264
2025-06-02,201.08844725076713
2025-06-03,202.43691749195682
2025-06-04,203.48906662266305
2025-06-05,201.6145252584123
2025-06-06,203.65886274298933
2025-06-09,202.26045842537857
2025-06-10,202.30041097955691
2025-06-11,200.3359707183121
2025-06-12,198.52136249489487
2025-06-13,197.28276310760933
2025-06-16,197.6656703890974
2025-06-17,196.1906719763716
2025-06-18,196.18401404224937
2025-06-20,199.62677291835848
2025-06-23,200.69223667782285
2025-06-24,201.0851193648319
2025-06-25,201.72106974390863
2025-06-26,200.80543808081723
2025-06-27,201.20498275115906
2025-06-30,203.70880201641182
2025-07-01,207.81414661336558
2025-07-02,211.0671213785779
2025-07-03,213.09482598774184
2025-07-07,211.42005346694893
2025-07-08,209.72531331783543
2025-07-09,209.65872756253995
2025-07-10,211.7330288055152
2025-07-11,210.8107478702749
2025-07-14,208.78637748719242
2025-07-15,209.73530876907995
2025-07-16,210.16149145259627
2025-07-17,210.23140820940228
2025-07-18,210.65092790600124
2025-07-21,213.05486541068512
2025-07-22,213.6175656694194
2025-07-23,213.66084277663353
2025-07-24,214.083698018236
2025-07-25,213.93054006986145
2025-07-28,213.7440954360013
2025-07-29,212.05933346141808
2025-07-30,209.48225744128112
2025-07-31,207.953993815589
2025-08-01,205.58668679875413
2025-08-04,204.07173934879222
2025-08-05,203.24266392795528
2025-08-06,211.16701172210492
2025-08-07,218.90489396942178
2025-08-08,226.27653387996642
2025-08-11,227.16666158040366
2025-08-12,229.17333475748697
2025-08-13,232.9199981689453
2025-08-14,232.91666666666666
2025-08-15,231.73666381835938
2025-08-18,231.37333170572913
2025-08-19,230.92666625976562
2025-08-20,227.41666666666666
2025-08-21,225.34003702799475
